fir_id,date_filed,time_filed,station_name,crime_type,status,description,emergency_call_linked
FIR_2024_200,2024-12-26,19:00:00,Vidhayakpuri Thana,Assault,Filed,Complaint registered regarding Assault near MI Road area.,
FIR_2024_201,2024-12-26,19:28:00,GRP Station,Rioting,Closed,Large crowd gathered and started pelting stones.,CALL_1068
FIR_2024_202,2024-12-26,19:29:00,Sindhi Camp Thana,Theft,Closed,Complaint registered regarding Theft near Sindhi Camp Bus Stand area.,
FIR_2024_203,2024-12-26,19:33:00,Vidhayakpuri Thana,Cyber Fraud,Closed,Complaint registered regarding Cyber Fraud near MI Road area.,
FIR_2024_204,2024-12-26,19:12:00,Sindhi Camp Thana,Assault,Charge Sheet Filed,Complaint registered regarding Assault near Sindhi Camp Bus Stand area.,
FIR_2024_205,2024-12-26,19:03:00,Sindhi Camp Thana,Assault,Closed,Complaint registered regarding Assault near Sindhi Camp Bus Stand area.,
FIR_2024_206,2024-12-26,18:58:00,GRP Station,Rioting,Filed,Large crowd gathered and started pelting stones.,CALL_1057
FIR_2024_207,2024-12-26,18:56:00,Sadar Thana,Rioting,Charge Sheet Filed,Complaint registered regarding Rioting near Station Road area.,CALL_1067
FIR_2024_208,2024-12-26,19:52:00,Sadar Thana,Theft,Closed,Complaint registered regarding Theft near Station Road area.,
FIR_2024_209,2024-12-26,19:32:00,GRP Station,Assault,Investigating,Complaint registered regarding Assault near Jaipur Junction area.,
FIR_2024_210,2024-12-26,19:01:00,Metro Police Post,Rioting,Charge Sheet Filed,Complaint registered regarding Rioting near Metro Station Jaipur area.,CALL_1060
FIR_2024_211,2024-12-26,18:38:00,Vidhayakpuri Thana,Rioting,Filed,Complaint registered regarding Rioting near MI Road area.,CALL_1077
FIR_2024_212,2024-12-26,19:40:00,Sindhi Camp Thana,Theft,Investigating,Complaint registered regarding Theft near Sindhi Camp Bus Stand area.,
FIR_2024_213,2024-12-26,19:31:00,Vidhayakpuri Thana,Rioting,Filed,Complaint registered regarding Rioting near MI Road area.,CALL_1076
FIR_2024_214,2024-12-26,18:59:00,Sadar Thana,Cyber Fraud,Closed,Complaint registered regarding Cyber Fraud near Station Road area.,
FIR_2024_215,2024-12-26,19:04:00,Sindhi Camp Thana,Rioting,Investigating,Complaint registered regarding Rioting near Sindhi Camp Bus Stand area.,CALL_1082
FIR_2024_216,2024-12-26,19:52:00,Vidhayakpuri Thana,Rioting,Closed,Complaint registered regarding Rioting near MI Road area.,CALL_1058
FIR_2024_217,2024-12-26,19:15:00,GRP Station,Rioting,Filed,Large crowd gathered and started pelting stones.,CALL_1078
FIR_2024_218,2024-12-26,19:06:00,Sindhi Camp Thana,Theft,Filed,Complaint registered regarding Theft near Sindhi Camp Bus Stand area.,
FIR_2024_219,2024-12-26,18:38:00,Sindhi Camp Thana,Cyber Fraud,Closed,Complaint registered regarding Cyber Fraud near Sindhi Camp Bus Stand area.,
